id,active
__export__.product_template_3372,False
__export__.product_template_3368,False
__export__.product_template_3365,False
__export__.product_template_3268,False
__export__.product_template_3267,False
__export__.product_template_3266,False
__export__.product_template_3261,False
__export__.product_template_3260,False
__export__.product_template_3245,True
__export__.product_template_3212,False
__export__.product_template_3210,False
__export__.product_template_3206,False
__export__.product_template_3204,False
__export__.product_template_3203,False
__export__.product_template_3201,False
__export__.product_template_3200,False
__export__.product_template_3197,False
__export__.product_template_3194,False
__export__.product_template_3193,False
__export__.product_template_3190,False
__export__.product_template_3189,False
__export__.product_template_3188,False
__export__.product_template_3187,False
__export__.product_template_3185,False
__export__.product_template_3184,False
__export__.product_template_3183,False
__export__.product_template_3182,False
__export__.product_template_3181,False
__export__.product_template_3179,False
__export__.product_template_3177,False
__export__.product_template_3176,False
__export__.product_template_3174,False
__export__.product_template_3173,False
__export__.product_template_3172,False
__export__.product_template_3171,False
__export__.product_template_3170,False
__export__.product_template_3167,False
__export__.product_template_3166,False
__export__.product_template_3164,False
__export__.product_template_3163,False
__export__.product_template_3161,False
__export__.product_template_3160,False
__export__.product_template_3159,False
__export__.product_template_3156,False
__export__.product_template_3155,False
__export__.product_template_3154,False
__export__.product_template_3153,False
__export__.product_template_3151,False
__export__.product_template_3150,False
__export__.product_template_3149,False
__export__.product_template_3148,False
__export__.product_template_3147,False
__export__.product_template_3146,False
__export__.product_template_3145,False
__export__.product_template_3075,False
__export__.product_template_3074,False
__export__.product_template_2926,True
__export__.product_template_2918,True
__export__.product_template_2903,False
__export__.product_template_2893,False
__export__.product_template_2890,False
__export__.product_template_2889,False
__export__.product_template_2887,False
__export__.product_template_2886,False
__export__.product_template_2880,False
__export__.product_template_2876,False
__export__.product_template_2870,False
__export__.product_template_2869,False
__export__.product_template_2864,False
__export__.product_template_2863,False
__export__.product_template_2861,False
__export__.product_template_2857,False
__export__.product_template_2852,False
__export__.product_template_2851,False
__export__.product_template_2848,False
__export__.product_template_2847,False
__export__.product_template_2846,False
__export__.product_template_2841,False
__export__.product_template_2840,False
__export__.product_template_2838,False
__export__.product_template_2479,False
__export__.product_template_2478,False
__export__.product_template_1943,False
__export__.product_template_2498,False
__export__.product_template_2500,False
__export__.product_template_2516,False
__export__.product_template_2524,False
__export__.product_template_2528,False
__export__.product_template_2536,False
__export__.product_template_2542,False
__export__.product_template_2548,False
__export__.product_template_2549,False
__export__.product_template_2550,False
__export__.product_template_2556,False
__export__.product_template_2575,False
__export__.product_template_2578,False
__export__.product_template_2582,False
__export__.product_template_2586,False
__export__.product_template_2596,False
__export__.product_template_2599,False
__export__.product_template_2603,False
__export__.product_template_2605,False
__export__.product_template_2608,False
__export__.product_template_2617,False
__export__.product_template_2627,False
__export__.product_template_2628,False
__export__.product_template_2632,False
__export__.product_template_2635,False
__export__.product_template_2636,False
__export__.product_template_2637,False
__export__.product_template_2638,False
__export__.product_template_2641,False
__export__.product_template_2651,False
__export__.product_template_2654,False
__export__.product_template_2657,False
__export__.product_template_2658,False
__export__.product_template_2659,False
__export__.product_template_2660,False
__export__.product_template_2662,False
__export__.product_template_2666,False
__export__.product_template_2678,False
__export__.product_template_2679,False
__export__.product_template_2680,False
__export__.product_template_2681,False
__export__.product_template_2682,False
__export__.product_template_2683,False
__export__.product_template_2684,False
__export__.product_template_2686,False
__export__.product_template_2688,False
__export__.product_template_2690,False
__export__.product_template_2700,False
__export__.product_template_2701,False
__export__.product_template_2702,False
__export__.product_template_2703,False
__export__.product_template_2705,False
__export__.product_template_2706,False
__export__.product_template_2707,False
__export__.product_template_2709,False
__export__.product_template_2715,False
__export__.product_template_2716,False
__export__.product_template_2719,False
__export__.product_template_2720,False
__export__.product_template_2721,False
__export__.product_template_2722,False
__export__.product_template_2723,False
__export__.product_template_2726,False
__export__.product_template_2727,False
__export__.product_template_2728,False
__export__.product_template_2729,False
__export__.product_template_2730,False
__export__.product_template_2731,False
__export__.product_template_2732,False
__export__.product_template_2733,False
__export__.product_template_2734,False
__export__.product_template_2735,False
__export__.product_template_2740,False
__export__.product_template_2743,False
__export__.product_template_2745,False
__export__.product_template_2746,False
__export__.product_template_2749,False
__export__.product_template_2751,False
__export__.product_template_2752,False
__export__.product_template_2753,False
__export__.product_template_2754,False
__export__.product_template_2474,False
__export__.product_template_2473,False
__export__.product_template_2445,False
__export__.product_template_2439,False
__export__.product_template_2470,False
__export__.product_template_2392,False
__export__.product_template_2341,False
__export__.product_template_2391,False
__export__.product_template_2475,False
__export__.product_template_2469,False
__export__.product_template_2290,False
__export__.product_template_2243,False
__export__.product_template_2437,False
__export__.product_template_2464,False
__export__.product_template_2436,False
__export__.product_template_2427,False
__export__.product_template_2237,False
__export__.product_template_2384,False
__export__.product_template_2409,False
__export__.product_template_2231,False
__export__.product_template_2390,False
__export__.product_template_2463,False
__export__.product_template_2435,False
__export__.product_template_2383,False
__export__.product_template_2455,False
__export__.product_template_2418,False
__export__.product_template_2402,False
__export__.product_template_2329,False
__export__.product_template_2222,False
__export__.product_template_2382,False
__export__.product_template_2321,False
__export__.product_template_2265,False
__export__.product_template_2426,False
__export__.product_template_2317,False
__export__.product_template_2369,False
__export__.product_template_2287,False
__export__.product_template_2336,False
__export__.product_template_2278,False
__export__.product_template_2389,False
__export__.product_template_2462,False
__export__.product_template_2434,False
__export__.product_template_2381,False
__export__.product_template_2316,False
__export__.product_template_2260,False
__export__.product_template_2368,False
__export__.product_template_2361,False
__export__.product_template_2232,False
__export__.product_template_2335,False
__export__.product_template_2433,False
__export__.product_template_2380,False
__export__.product_template_2315,False
__export__.product_template_2259,False
__export__.product_template_2416,False
__export__.product_template_2310,False
__export__.product_template_2360,False
__export__.product_template_2303,False
__export__.product_template_2344,False
__export__.product_template_2334,False
__export__.product_template_2276,False
__export__.product_template_2225,False
__export__.product_template_2258,False
__export__.product_template_2367,False
__export__.product_template_2252,False
__export__.product_template_2359,False
__export__.product_template_2302,False
__export__.product_template_2399,False
__export__.product_template_2284,False
__export__.product_template_2230,False
__export__.product_template_2269,False
__export__.product_template_2358,False
__export__.product_template_2293,False
__export__.product_template_2275,False
__export__.product_template_2238,False
__export__.product_template_2292,False
__export__.product_template_2342,False
__export__.product_template_2291,False
__export__.product_template_2244,False
__export__.product_template_2206,False
__export__.product_template_2199,False
__export__.product_template_2202,False
__export__.product_template_2124,False
__export__.product_template_2207,False
__export__.product_template_2191,False
__export__.product_template_2201,False
__export__.product_template_2022,False
__export__.product_template_1975,False
__export__.product_template_2072,False
__export__.product_template_2118,False
__export__.product_template_2196,False
__export__.product_template_2168,False
__export__.product_template_2159,False
__export__.product_template_2172,False
__export__.product_template_2071,False
__export__.product_template_1969,False
__export__.product_template_2116,False
__export__.product_template_2021,False
__export__.product_template_2122,False
__export__.product_template_2195,False
__export__.product_template_2167,False
__export__.product_template_2115,False
__export__.product_template_2054,False
__export__.product_template_2187,False
__export__.product_template_1965,False
__export__.product_template_2069,False
__export__.product_template_2061,False
__export__.product_template_1954,False
__export__.product_template_2114,False
__export__.product_template_2053,False
__export__.product_template_1997,False
__export__.product_template_2158,False
__export__.product_template_2049,False
__export__.product_template_2101,False
__export__.product_template_2031,False
__export__.product_template_2019,False
__export__.product_template_2068,False
__export__.product_template_2121,False
__export__.product_template_2194,False
__export__.product_template_2166,False
__export__.product_template_2113,False
__export__.product_template_2048,False
__export__.product_template_1992,False
__export__.product_template_2100,False
__export__.product_template_2093,False
__export__.product_template_2067,False
__export__.product_template_1971,False
__export__.product_template_1953,False
__export__.product_template_2165,False
__export__.product_template_2112,False
__export__.product_template_2047,False
__export__.product_template_2148,False
__export__.product_template_2092,False
__export__.product_template_2035,False
__export__.product_template_2082,False
__export__.product_template_2076,False
__export__.product_template_2017,False
__export__.product_template_2066,False
__export__.product_template_2008,False
__export__.product_template_1957,False
__export__.product_template_1990,False
__export__.product_template_2099,False
__export__.product_template_1984,False
__export__.product_template_2091,False
__export__.product_template_2034,False
__export__.product_template_2029,False
__export__.product_template_2016,False
__export__.product_template_1962,False
__export__.product_template_2001,False
__export__.product_template_2090,False
__export__.product_template_2025,False
__export__.product_template_2007,False
__export__.product_template_1970,False
__export__.product_template_2024,False
__export__.product_template_2074,False
__export__.product_template_2023,False
__export__.product_template_1976,False
__export__.product_template_1680,False
__export__.product_template_1679,False
__export__.product_template_1673,False
__export__.product_template_1651,False
__export__.product_template_1672,False
__export__.product_template_1650,False
__export__.product_template_1671,False
__export__.product_template_1645,False
__export__.product_template_1658,False
__export__.product_template_1676,False
__export__.product_template_1649,False
__export__.product_template_1604,False
__export__.product_template_1598,False
__export__.product_template_1597,False
__export__.product_template_1644,False
__export__.product_template_1634,False
__export__.product_template_1681,False
__export__.product_template_1665,False
__export__.product_template_1675,False
__export__.product_template_1563,False
__export__.product_template_1496,False
__export__.product_template_1449,False
__export__.product_template_1546,False
__export__.product_template_1489,False
__export__.product_template_1480,False
__export__.product_template_1643,False
__export__.product_template_1531,False
__export__.product_template_1526,False
__export__.product_template_1470,False
__export__.product_template_1664,False
__export__.product_template_1515,False
__export__.product_template_1653,False
__export__.product_template_1562,False
__export__.product_template_1647,False
__export__.product_template_1555,False
__export__.product_template_1488,False
__export__.product_template_1670,False
__export__.product_template_1479,False
__export__.product_template_1642,False
__export__.product_template_1591,False
__export__.product_template_1474,False
__export__.product_template_1633,False
__export__.product_template_1525,False
__export__.product_template_1469,False
__export__.product_template_1663,False
__export__.product_template_1626,False
__export__.product_template_1463,False
__export__.product_template_1514,False
__export__.product_template_1652,False
__export__.product_template_1646,False
__export__.product_template_1545,False
__export__.product_template_1478,False
__export__.product_template_1435,False
__export__.product_template_1590,False
__export__.product_template_1529,False
__export__.product_template_1473,False
__export__.product_template_1580,False
__export__.product_template_1524,False
__export__.product_template_1468,False
__export__.product_template_1662,False
__export__.product_template_1462,False
__export__.product_template_1615,False
__export__.product_template_1569,False
__export__.product_template_1513,False
__export__.product_template_1457,False
__export__.product_template_1507,False
__export__.product_template_1553,False
__export__.product_template_1502,False
__export__.product_template_1495,False
__export__.product_template_1448,False
__export__.product_template_1544,False
__export__.product_template_1486,False
__export__.product_template_1437,False
__export__.product_template_1596,False
__export__.product_template_1477,False
__export__.product_template_1669,False
__export__.product_template_1641,False
__export__.product_template_1589,False
__export__.product_template_1528,False
__export__.product_template_1472,False
__export__.product_template_1661,False
__export__.product_template_1624,False
__export__.product_template_1461,False
__export__.product_template_1608,False
__export__.product_template_1559,False
__export__.product_template_1494,False
__export__.product_template_1439,False
__export__.product_template_1543,False
__export__.product_template_1485,False
__export__.product_template_1535,False
__export__.product_template_1476,False
__export__.product_template_1428,False
__export__.product_template_1588,False
__export__.product_template_1527,False
__export__.product_template_1471,False
__export__.product_template_1632,False
__export__.product_template_1523,False
__export__.product_template_1467,False
__export__.product_template_1623,False
__export__.product_template_1575,False
__export__.product_template_1517,False
__export__.product_template_1614,False
__export__.product_template_1568,False
__export__.product_template_1511,False
__export__.product_template_1456,False
__export__.product_template_1607,False
__export__.product_template_1558,False
__export__.product_template_1505,False
__export__.product_template_1453,False
__export__.product_template_1500,False
__export__.product_template_1493,False
__export__.product_template_1542,False
__export__.product_template_1484,False
__export__.product_template_1595,False
__export__.product_template_1668,False
__export__.product_template_1640,False
__export__.product_template_1587,False
__export__.product_template_1432,False
__export__.product_template_1522,False
__export__.product_template_1466,False
__export__.product_template_1574,False
__export__.product_template_1460,False
__export__.product_template_1567,False
__export__.product_template_1510,False
__export__.product_template_1455,False
__export__.product_template_1606,False
__export__.product_template_1452,False
__export__.product_template_1599,False
__export__.product_template_1551,False
__export__.product_template_1492,False
__export__.product_template_1438,False
__export__.product_template_1541,False
__export__.product_template_1483,False
__export__.product_template_1445,False
__export__.product_template_1434,False
__export__.product_template_1427,False
__export__.product_template_1639,False
__export__.product_template_1586,False
__export__.product_template_1521,False
__export__.product_template_1465,False
__export__.product_template_1622,False
__export__.product_template_1516,False
__export__.product_template_1459,False
__export__.product_template_1429,False
__export__.product_template_1566,False
__export__.product_template_1509,False
__export__.product_template_1454,False
__export__.product_template_1556,False
__export__.product_template_1550,False
__export__.product_template_1491,False
__export__.product_template_1447,False
__export__.product_template_1540,False
__export__.product_template_1482,False
__export__.product_template_1426,False
__export__.product_template_1431,False
__export__.product_template_1464,False
__export__.product_template_1573,False
__export__.product_template_1458,False
__export__.product_template_1565,False
__export__.product_template_1508,False
__export__.product_template_1605,False
__export__.product_template_1503,False
__export__.product_template_1490,False
__export__.product_template_1436,False
__export__.product_template_1475,False
__export__.product_template_1564,False
__export__.product_template_1499,False
__export__.product_template_1481,False
__export__.product_template_1444,False
__export__.product_template_1451,False
__export__.product_template_1498,False
__export__.product_template_1548,False
__export__.product_template_1497,False
__export__.product_template_1450,False
__export__.product_template_1938,False
__export__.product_template_1937,False
__export__.product_template_1931,False
__export__.product_template_1909,False
__export__.product_template_1852,False
__export__.product_template_1934,False
__export__.product_template_1862,False
__export__.product_template_1856,False
__export__.product_template_1805,False
__export__.product_template_1855,False
__export__.product_template_1902,False
__export__.product_template_1939,False
__export__.product_template_1923,False
__export__.product_template_1933,False
__export__.product_template_1707,False
__export__.product_template_1804,False
__export__.product_template_1747,False
__export__.product_template_1901,False
__export__.product_template_1813,False
__export__.product_template_1928,False
__export__.product_template_1900,False
__export__.product_template_1849,False
__export__.product_template_1732,False
__export__.product_template_1891,False
__export__.product_template_1783,False
__export__.product_template_1727,False
__export__.product_template_1721,False
__export__.product_template_1828,False
__export__.product_template_1803,False
__export__.product_template_1736,False
__export__.product_template_1701,False
__export__.product_template_1693,False
__export__.product_template_1848,False
__export__.product_template_1787,False
__export__.product_template_1920,False
__export__.product_template_1720,False
__export__.product_template_1873,False
__export__.product_template_1715,False
__export__.product_template_1765,False
__export__.product_template_1753,False
__export__.product_template_1695,False
__export__.product_template_1854,False
__export__.product_template_1927,False
__export__.product_template_1899,False
__export__.product_template_1847,False
__export__.product_template_1786,False
__export__.product_template_1866,False
__export__.product_template_1801,False
__export__.product_template_1743,False
__export__.product_template_1793,False
__export__.product_template_1700,False
__export__.product_template_1686,False
__export__.product_template_1846,False
__export__.product_template_1785,False
__export__.product_template_1729,False
__export__.product_template_1691,False
__export__.product_template_1890,False
__export__.product_template_1781,False
__export__.product_template_1725,False
__export__.product_template_1833,False
__export__.product_template_1775,False
__export__.product_template_1698,False
__export__.product_template_1872,False
__export__.product_template_1769,False
__export__.product_template_1714,False
__export__.product_template_1865,False
__export__.product_template_1711,False
__export__.product_template_1758,False
__export__.product_template_1751,False
__export__.product_template_1800,False
__export__.product_template_1742,False
__export__.product_template_1853,False
__export__.product_template_1926,False
__export__.product_template_1898,False
__export__.product_template_1845,False
__export__.product_template_1690,False
__export__.product_template_1780,False
__export__.product_template_1724,False
__export__.product_template_1832,False
__export__.product_template_1718,False
__export__.product_template_1825,False
__export__.product_template_1713,False
__export__.product_template_1864,False
__export__.product_template_1710,False
__export__.product_template_1857,False
__export__.product_template_1750,False
__export__.product_template_1696,False
__export__.product_template_1741,False
__export__.product_template_1703,False
__export__.product_template_1692,False
__export__.product_template_1685,False
__export__.product_template_1897,False
__export__.product_template_1844,False
__export__.product_template_1779,False
__export__.product_template_1723,False
__export__.product_template_1688,False
__export__.product_template_1880,False
__export__.product_template_1717,False
__export__.product_template_1687,False
__export__.product_template_1824,False
__export__.product_template_1767,False
__export__.product_template_1814,False
__export__.product_template_1808,False
__export__.product_template_1749,False
__export__.product_template_1705,False
__export__.product_template_1798,False
__export__.product_template_1740,False
__export__.product_template_1684,False
__export__.product_template_1722,False
__export__.product_template_1831,False
__export__.product_template_1716,False
__export__.product_template_1823,False
__export__.product_template_1766,False
__export__.product_template_1863,False
__export__.product_template_1761,False
__export__.product_template_1748,False
__export__.product_template_1694,False
__export__.product_template_1733,False
__export__.product_template_1822,False
__export__.product_template_1757,False
__export__.product_template_1739,False
__export__.product_template_1702,False
__export__.product_template_1709,False
__export__.product_template_1756,False
__export__.product_template_1806,False
__export__.product_template_1755,False
__export__.product_template_1708,False
