"id","name"
"__export__.purchase_order_19","PO00023"
"__export__.purchase_order_18","PO00022"
"__export__.purchase_order_17","PO00021"
"__export__.purchase_order_16","PO00020"
"__export__.purchase_order_13","PO00017"
"__export__.purchase_order_12","PO00016"
"__export__.purchase_order_11","PO00015"
"__export__.purchase_order_15","PO00019"
"__export__.purchase_order_14","PO00018"
"__export__.purchase_order_20","PO00024"
"__export__.purchase_order_10","PO00014"
"__export__.purchase_order_9","PO00013"
"__export__.purchase_order_8","PO00012"
"__export__.purchase_order_7","PO00011"
"__export__.purchase_order_6","PO00010"
"__export__.purchase_order_5","PO00009"
"__export__.purchase_order_4","PO00008"
"__export__.purchase_order_3","PO00007"
"__export__.purchase_order_2","PO00006"
